Category,uniq_id,Category,meta_title,meta_keywords,meta_description
banarasi silk sarees,BANS,"Default Category,Default Category/Handloom Sarees,Default Category/Handloom Sarees/Banarasi Silk,Default Category/Handloom Sarees/Banarasi Silk/Banarasi Silk Sarees",Banarasi Saree |  latest cotton & Banarasi pure Silk Saree ,"banarasi saree, banarasi saree silk, pure silk banarasi saree, latest banarasi sarees, indian banarasi sarees",Banarasi Silk Saree: Get wide-range collection of cotton & Banarasi Saree online crafted by our Master Weavers at the best price.
chenderi silk sarees,CNDP,"Default Category,Default Category/Handloom Sarees,Default Category/Handloom Sarees/Chenderi,Default Category/Handloom Sarees/Chenderi/Chenderi Silk Sarees",Chenderi sarees |  Designer silk chenderi sarees ,"chenderi saree online, silk chenderi sarees online, cotton chenderi sarees online, designer chenderi sarees, pattu chenderi sarees online",Chenderi sarees: Get wide-range collection of premium quality traditional chenderi sarees online crafted by our Master Weavers at the best price.
crape sarees,CRAS,"Default Category,Default Category/Handloom Sarees,Default Category/Handloom Sarees/Crape,Default Category/Handloom Sarees/Crape/Crape Sarees",Latest Crape Sarees | Light Weight Crape Saree ,"crape sarees, latest crape sarees, pure crape sarees, crape sarees online, light weight crape sarees",Crape Sarees: Get wide-range collection of Light Weight Crape Saree crafted by our Master Weavers at the best price.
gadwal sico sarees,GAWI,"Default Category,Default Category/Handloom Sarees,Default Category/Handloom Sarees/Cotton,Default Category/Handloom Sarees/Cotton/Gadwal Sico Sarees",Gadwal Sico sarees |  traditional silk gadwal saree ,"traditional gadwal sarees, gadwal sarees online, gadwal pattu sarees, silk gadwal saree, sico gadwal sarees, cotton gadwal sarees",Gadwal Sico Sarees: Get a wide-range collection of premium quality traditional gadwal saree online crafted by our Master Weavers at the best price.
gadwal cotton sarees,GAWT,"Default Category,Default Category/Handloom Sarees,Default Category/Handloom Sarees/Cotton,Default Category/Handloom Sarees/Cotton/Gadwal Cotton Sarees",Gadwal cotton sarees |  pure gadwal cotton saree ,"gadwal cotton sarees, traditional gadwal sarees, gadwal sarees hyderabad, cotton gadwal saree, gadwal saree",Gadwal Cotton Sarees: Get a wide-range collection of premium quality traditional gadwal saree online crafted by our Master Weavers at the best price.
gadwal pattu sarees,GDWP,"Default Category,Default Category/Handloom Sarees,Default Category/Handloom Sarees/Gadwal,Default Category/Handloom Sarees/Gadwal/Gadwal Pattu Sarees",Gadwal Silk sarees | gadwal silk saree ,"gadwal sarees online, gadwal pattu sarees, traditional gadwal sarees, silk gadwal saree, gadwal pattu sarees hyderabad",Gadwal Silk Sarees: Get a wide-range collection of premium quality traditional gadwal saree online crafted by our Master Weavers at the best price.
ikkat cotton dress materials,IKCM,"Default Category,Default Category/Handloom Sarees,Default Category/Handloom Sarees/Cotton,Default Category/Handloom Sarees/Cotton/Ikkat Cotton Dress Materials",Ikkat cotton dress materials | Traditional pure ikkat cotton dress material ,"ikkat cotton online, pure ikkat cotton dress materials, latest ikkat cotton dress materials, pochampalli ikkat dress materails",Get wide-range collection of premium quality traditional ikkat handloom saree and lehenga cloth online crafted by our Master Weavers at the best price.
ikkat silk dress materials,IKPD,"Default Category,Default Category/Handloom Sarees,Default Category/Handloom Sarees/Ikkat,Default Category/Handloom Sarees/Ikkat/Ikkat Silk Dress Materials",Ikkat pattu dress materials | ikkat silk dress material ,"ikkat lehangas online, pure ikkat silk lehangas, latest ikkat pattu lehangas, pochampalli ikkat lehangas",Get wide-range collection of premium quality traditional ikkat handloom saree and lehenga cloth online crafted by our Master Weavers at the best price.
ikkat lehengas,IKPL,"Default Category,Default Category/Handloom Sarees,Default Category/Handloom Sarees/Ikkat,Default Category/Handloom Sarees/Ikkat/Ikkat Lehengas",Ikkat pattu lehangas | ikkat silk lehenga cloth ,"ikkat silk online, pure ikkat silk dress materials, latest ikkat silk dress materials, pochampalli ikkat dress materails",Get wide-range collection of premium quality traditional ikkat handloom saree and lehenga cloth online crafted by our Master Weavers at the best price.
kanchi pattu sarees,KANP,"Default Category,Default Category/Handloom Sarees,Default Category/Handloom Sarees/Kanchi,Default Category/Handloom Sarees/Kanchi/Kanchi Pattu Sarees",Kanchipuram pattu sarees |  Kanchi silk handloom saree ,"kanchi sarees, latest kanchipuram sarees, pure kanchipuram sarees, kanjevaram sarees, traditional kanjeevaram sarees",Get wide-range collection of premium quality traditional handloom kanchipuram saree online crafted by our Master Weavers at the best price.
kanchi lehengas,KAPL,"Default Category,Default Category/Handloom Sarees,Default Category/Handloom Sarees/Kanchi,Default Category/Handloom Sarees/Kanchi/Kanchi lehangas",Kanchipuram lehangas | Kanchi lehangas ,"kanchi lehangas, latest kanchipuram lehangas, pure kanchipuram lehangas, kanjevaram lehangas, traditional kanjeevaram lehangas",Get wide-range collection of premium quality traditional handloom kanchipuram saree online crafted by our Master Weavers at the best price.
kollam pattu sarees,KOLP,"Default Category,Default Category/Handloom Sarees,Default Category/Handloom Sarees/Kollam Pattu,Default Category/Handloom Sarees/Kollam Pattu/Kollam Pattu Sarees",Kollam Silk Sarees | kollam pattu Saree ,"kollam pattu saree, kollam sarees, kollam silk sarees, traditional kollam sarees",Kollam Pattu Sarees: Get wide-range of premium quality  kollam Saree online crafted by our Master Weavers at the best price.
kora sarees,KORS,"Default Category,Default Category/Handloom Sarees,Default Category/Handloom Sarees/Kora,Default Category/Handloom Sarees/Kora/Kora Sarees",Kora Saree |  latest pure Kora Saree ,"kora sarees, kanchi kora sarees, kora sarees online, pure kanchi kora sarees, kora pattu sarees",Kora Sarees: Get wide-range collection of  Traditional Kanchi Kora Sarees crafted by our Master Weavers at the best price.
kuppadam pattu sarees,KUPP,"Default Category,Default Category/Handloom Sarees,Default Category/Handloom Sarees/Kuppadam,Default Category/Handloom Sarees/Kuppadam/Kuppadam Pattu Sarees",Kuppadam silk sarees | Kuppadam saree ,"kuppadam saree online, traditional kuppadam sarees online, pattu Kuppadam sarees online, designer kuppadam sarees, silk kuppadam sarees",Get wide-range collection of premium quality traditional handloom kuppadam saree online crafted by our Master Weavers at the best price.
linen sarees,LINS,"Default Category,Default Category/Handloom Sarees,Default Category/Handloom Sarees/Linen,Default Category/Handloom Sarees/Linen/Linen Sarees",Linen Sarees |  Pure Linen Saree ,"linen sarees, pure linen sarees, khadi linen sarees online, cotton linen sarees, latest linen sarees",Linen sarees: Get wide-range collection of premium quality cotton & silk Linen Saree online crafted by our Master Weavers at the best price.
mangalagiri sico sarees,MAGI,"Default Category,Default Category/Handloom Sarees,Default Category/Handloom Sarees/Mangalagiri Sarees,Default Category/Handloom Sarees/Mangalagiri Sarees/Mangalagiri Sico Sarees",Mangalagiri Sico Saree | Mangalagiri Sico Saree ,"mangalagiri sarees, mangalagiri sico saree, mangalagiri sico sarees, mangalagiri sarees online, sico mangalagiri saree",Mangalagiri Sico Saree: Get wide-range collection of Mangalagiri silk Saree online crafted by our Master Weavers at the best price.
mangalagiri pattu sarees,MAGP,"Default Category,Default Category/Handloom Sarees,Default Category/Handloom Sarees/Mangalagiri Sarees,Default Category/Handloom Sarees/Mangalagiri Sarees/Mangalagiri Pattu Sarees",Mangalagiri silk sarees | latest mangalagiri pattu saree ,"mangalagiri sarees, mangalagiri silk saree, mangalagiri silk sarees, mangalagiri sarees online, silk mangalagiri saree",Mangalagiri Silk Saree: Get wide-range collection of Mangalagiri silk Saree online crafted by our Master Weavers at the best price.
manipuri silk sarees,MANP,"Default Category,Default Category/Handloom Sarees,Default Category/Handloom Sarees/Manipuri Silk,Default Category/Handloom Sarees/Manipuri Silk/Manipuri Silk Sarees",Manipuri Sarees |  Traditional Manipuri Silk Saree ,"manipuri saree, manipuri saree online, traditional manipuri sarees, manipuri sarees online",Manipuri Silk Saree: Get wide-range collection of premium quality traditional Manipuri Saree online crafted by our Master Weavers at the best price.
organza sarees,ORGS,"Default Category,Default Category/Handloom Sarees,Default Category/Handloom Sarees/Organza,Default Category/Handloom Sarees/Organza/Organza Sarees",Organza Saree |  latest cotton & silk Organza Saree ,"organza sarees, organza silk saree, organza silk sarees, organza sarees online, silk organza saree",Organza Saree: Get wide-range collection of cotton & silk Organza Saree online crafted by our Master Weavers at the best price.
pochampally ikkat pure silk sarees,PIKP,"Default Category,Default Category/Handloom Sarees,Default Category/Handloom Sarees/Ikkat,Default Category/Handloom Sarees/Ikkat/Pochampally Ikkat Pure Silk Sarees",Pochampally Ikkat silk sarees | designer pochampally ikkat silk saree ,"pure ikkat sarees, handloom ikkat sarees, pochampally ikkat saree, ikkat silk sarees, ikkat sarees, ",Get wide-range collection of premium quality traditional ikkat handloom saree and lehenga cloth online crafted by our Master Weavers at the best price.
pochampally ikkat cotton sarees,PIKT,"Default Category,Default Category/Handloom Sarees,Default Category/Handloom Sarees/Cotton,Default Category/Handloom Sarees/Cotton/Pochampally Ikkat Cotton Sarees",Pochampally Ikkat cotton sarees | designer pochampally ikkat cotton saree ,"ikkat sarees, latest ikkat cotton sarees, latest ikkat sarees, double ikkat sarees, cotton ikkat sarees, cotton ikkat saree",Get wide-range collection of premium quality traditional ikkat handloom saree and lehenga cloth online crafted by our Master Weavers at the best price.
paithani pure silk sarees,PTNP,"Default Category,Default Category/Handloom Sarees,Default Category/Handloom Sarees/Paithani,Default Category/Handloom Sarees/Paithani/Paithani Pure Silk Sarees",Pure Paithani sarees |  latest paithani silk handloom saree ,"traditional paithani saree, designer paithani sarees, paithani sarees online, bridal paithani saree, silk paithani sarees, real paithani sarees",Paithani sarees: Get wide-range collection of premium quality traditional silk Paithani handloom sarees online crafted by our Master Weavers at the best price.
tripura mixed silk sarees,TRMP,"Default Category,Default Category/Handloom Sarees,Default Category/Handloom Sarees/Tripura Silk,Default Category/Handloom Sarees/Tripura Silk/Tripura Mixed Silk Sarees",Tripura Silk Saree |  latest cotton & Silk Tripura Saree ,"tripura silk sarees, tripura silk sarees online, tripura sarees, tripura mixed silk sarees, cotton &silk mixed sarees",Tripura Mixed Silk Saree: Get wide-range collection of premium quality traditional Silk Saree online crafted by our Master Weavers at the best price.
tripura silk sarees,TRPP,"Default Category,Default Category/Handloom Sarees,Default Category/Handloom Sarees/Tripura Silk,Default Category/Handloom Sarees/Tripura Silk/Tripura Silk Sarees",Tripura Silk Saree | Tripura Silk Saree ,"tripura silk sarees, tripura silk sarees online, tripura sarees, pure silk tripura sarees, silk tripura saree",Tripura Silk Saree: Get wide-range collection of premium quality traditional Silk Saree online crafted by our Master Weavers at the best price.
uppada sico sarees,UPAI,"Default Category,Default Category/Handloom Sarees,Default Category/Handloom Sarees/Cotton,Default Category/Handloom Sarees/Cotton/Uppada Sico Sarees",Uppada Sico sarees | uppada sico saree ,"uppada sarees online, latest uppada sarees, uppada sico sarees, pure uppada sico sarees, uppada sico sarees in hyderabad",Get wide-range collection of premium quality traditional handloom uppada sarees online crafted by our Master Weavers at the best price.
uppada cotton sarees,UPAT,"Default Category,Default Category/Handloom Sarees,Default Category/Handloom Sarees/Cotton,Default Category/Handloom Sarees/Cotton/Uppada Cotton Sarees",Uppada cotton sarees | latest uppada cotton saree ,"uppada cotton saree, designer uppada sarees, uppada saree, pure uppada cotton sarees, uppada cotton sarees",Get wide-range collection of premium quality traditional handloom uppada sarees online crafted by our Master Weavers at the best price.
uppada pattu sarees,UPDP,"Default Category,Default Category/Handloom Sarees,Default Category/Handloom Sarees/Uppada,Default Category/Handloom Sarees/Uppada/Uppada Pattu Sarees",Uppada Pattu sarees | uppada silk saree ,"uppada sarees online, designer uppada sarees,  uppada pattu sarees, uppada silk sarees, traditional uppada silk saree",Get wide-range collection of premium quality traditional handloom uppada sarees online crafted by our Master Weavers at the best price.
uppada tissue sarees,UPPI,"Default Category,Default Category/Handloom Sarees,Default Category/Handloom Sarees/Cotton,Default Category/Handloom Sarees/Cotton/Uppada Tissue Sarees",Uppada tissue sarees | latest uppada tissue saree ,"uppada sarees online, latest tissue sarees, uppada tissue sarees, pure uppada tissue sarees, uppada tissue sarees in hyderabad",Get wide-range collection of premium quality traditional handloom uppada sarees online crafted by our Master Weavers at the best price.
uppada soft silk sarees,UPSF,"Default Category,Default Category/Handloom Sarees,Default Category/Handloom Sarees/Uppada,Default Category/Handloom Sarees/Uppada/Uppada Soft Silk Sarees",Uppada soft silk sarees | latest uppada soft pattu saree ,"uppada pattu saree, designer uppada sarees, soft pattu saree, pure uppada soft silk sarees, uppada soft pattu sarees, soft silk sarees",Get wide-range collection of premium quality traditional handloom uppada sarees online crafted by our Master Weavers at the best price.
venkatagiri pattu sarees,VAGP,"Default Category,Default Category/Handloom Sarees,Default Category/Handloom Sarees/Venkatagiri Sarees,Default Category/Handloom Sarees/Venkatagiri Sarees/Venkatagiri Pattu Sarees",Venkatagiri pattu Saree | Venkatagiri Silk Saree ,"venkatagiri sarees, venkatagiri silk saree, venkatagiri silk sarees, venkatagiri sarees online, silk venkatagiri saree",Venkatagiri Silk Saree: Get wide-range collection of Venkatagiri silk Saree online crafted by our Master Weavers at the best price.
